unit_id,sair_number,sair_letter,sair_title,unit_order,unit_type,text_arabic,transliteration_latin,translation_indonesian,text_gorontalo,doc_pages,pdf_pages
sair_01_unit_01,1,a,Sair Pertama,1,header_dan_pembuka,اللَّهُمَّ صَلِّ وَسَلِّمْ وَبَارِكْ عَلَيْهِ,Allāhumma ṣalli wa sallim wa bārik 'alaih,"Ya Allah, limpahkanlah salawat, keselamatan, dan keberkahan kepadanya.",,28-37,31-40
sair_01_unit_02,1,a,Sair Pertama,2,puisi_sair,"السَّلَامُ عَلَيْكَ زَيْنَ الْأَنْبِيَاءِ * السَّلَامُ عَلَيْكَ أَتْقَى الْأَتْقِيَاءِ
السَّلَامُ عَلَيْكَ أَصْفَى الْأَصْفِيَاءِ * السَّلَامُ عَلَيْكَ أَزْكَى الْأَزْكِيَاءِ
السَّلَامُ عَلَيْكَ مِنْ رَبِّ السَّمَاءِ * السَّلَامُ عَلَيْكَ دَائِمًا بِلَا انْقِضَاءِ","assalāmu 'alaika zainal anbiyā'i; assalāmu 'alaika atqal atqiyā'i.
assalāmu 'alaika aṣfal aṣfiyā'i; assalāmu 'alaika azkal azkiyā'i.
assalāmu 'alaika min rabbis-samā'i; assalāmu 'alaikadāiman bilā inqiḍā'i.","Selamat buatmu, yang termulia di antara para nabi; Selamat buatmu, yang paling bertaqwa di antara orang-orang yang bertaqwa; Selamat buatmu, yang paling ikhlas di antara orang-orang yang ikhlas; Selamat buatmu, yang paling bersih di antara orang-orang yang bersih; Selamat buatmu, yang berasal dari Tuhan (Pemilik) langit; Selamat buatmu, yang senantiasa tidak pernah ingkar (melawan).",,28-37,31-40
sair_01_unit_03,1,a,Sair Pertama,3,puisi_sair,"السَّلَامُ عَلَيْكَ زَيْنَ الْأَنْبِيَاءِ * السَّلَامُ عَلَيْكَ أَحْمَدَ يَا حَبِيْبِي
السَّلَامُ عَلَيْكَ طٰهٰ يَا طَبِيْبِي * السَّلَامُ عَلَيْكَ زَيْنَ الْأَنْبِيَاءِ
السَّلَامُ عَلَيْكَ أَحْمَدَ يَا مُحَمَّدُ * السَّلَامُ عَلَيْكَ طٰهٰ يَا مُمَجَّدُ","assalāmu 'alaika zainal anbiyā'i; assalāmu 'alaika ahmad yā habībī.
assalāmu 'alaika ṭāhā yāṭabībī; assalāmu 'alaika zainal anbiyā'i.
assalāmu 'alaika ahmad yā muhammad; assalāmu 'alaika ṭāhā yā mumajjad.","Selamat buatmu, yang termulia di antara para nabi; Selamat buatmu, yang paling terpuji, wahai kekasihku; Selamat buatmu, Ṭāhā, wahai dokterku (yang mengobatiku); Selamat buatmu, yang termulia di antara para nabi; Selamat buatmu, yang paling terpuji, wahai Muhammad; Selamat buatmu, Ṭāhā, wahai yang mulia (agung).",,28-37,31-40
sair_01_unit_04,1,a,Sair Pertama,4,puisi_sair,"السَّلَامُ عَلَيْكَ زَيْنَ الْأَنْبِيَاءِ
السَّلَامُ عَلَيْكَ كَهْفًا وَمَقْصَدْ * السَّلَامُ عَلَيْكَ يَا حَسَنًا تَفَرَّدْ","assalāmu 'alaika zainal anbiyā'i.
assalāmu 'alaika kahfan wa muqṣad; assalāmu 'alaika yā husnan tufarrad.","Selamat buatmu, yang termulia di antara para nabi; Selamat buatmu, gua (tempat berlindung) dan tidak bercacat; Selamat buatmu, yang kebaikannya tiada tandingan.",,28-37,31-40
sair_01_unit_05,1,a,Sair Pertama,5,puisi_sair,"السَّلَامُ عَلَيْكَ زَيْنَ الْأَنْبِيَاءِ
السَّلَامُ عَلَيْكَ يَا مَاحِيَ الذُّنُوْبِ * السَّلَامُ عَلَيْكَ يَا جَالِيَ الْكُرُوْبِ
السَّلَامُ عَلَيْكَ يَا خَيْرَ الْأَنَامِ * السَّلَامُ عَلَيْكَ يَا بَدْرَ التَّمَامِ
السَّلَامُ عَلَيْكَ يَا نُوْرَ الظَّلَامِ * السَّلَامُ عَلَيْكَ يَا كُلَّ الْمَرَامِ","assalāmu 'alaika yā mā hiyaz-zunūbi; assalāmu 'alaika yā jāliyal kurūbi.
assalāmu 'alaika yā khairal anām; assalāmu 'alaika yā badrat-tamām.
assalāmu 'alaika yā nūraẓ-ẓalām; assalāmu 'alaika yā kullal-marām.","Selamat buatmu, yang termulia di antara para nabi; Selamat buatmu, wahai penghapus dosa; Selamat buatmu, wahai penyingkap kesusahan; Selamat buatmu, wahai sebaik-baik makhluk; Selamat buatmu, wahai bulan purnama yang sempurna; Selamat buatmu, wahai cahaya di kegelapan; Selamat buatmu, wahai tujuan segala harapan.",,28-37,31-40
sair_01_unit_06,1,a,Sair Pertama,6,jabu_refrein,أَلْفَ صَلُّوْا عَلَى النَّبِيِّ خَاتَمِ الرُّسُلِ الْكِرَامِ,alfa ṣallū 'alan-nabiyyi khātimir-rusulil-kirām (jābu),Beribu-ribu salawat buat Nabi penutup para rasul yang mulia.,,28-37,31-40
sair_01_unit_07,1,a,Sair Pertama,7,puisi_sair,"السَّلَامُ عَلَيْكَ يَا ذَا الْمُعْجِزَاتِ * السَّلَامُ عَلَيْكَ يَا ذَا الْبَيِّنَاتِ
السَّلَامُ عَلَيْكَ يَا هَادِيَ الْهُدَاةِ * السَّلَامُ عَلَيْكَ يَا ذُخْرَ الْعُصَاةِ","assalāmu 'alaikayā żal mu'jizāt; assalāmu 'alaika yā żal bayyināt.
assalāmu 'alaika yā hādiyal hudāt; assalāmu 'alaika yā żukhral 'uṣāt.","Selamat buatmu, wahai yang memiliki mukjizat-mukjizat; Selamat buatmu, wahai yang memiliki penjelasan-penjelasan nyata; Selamat buatmu, wahai penuntun para pemberi petunjuk; Selamat buatmu, wahai simpanan pertolongan bagi orang-orang berdosa (teladan umat).",,28-37,31-40
sair_01_unit_08,1,a,Sair Pertama,8,puisi_sair,"السَّلَامُ عَلَيْكَ زَيْنَ الْأَنْبِيَاءِ
السَّلَامُ عَلَيْكَ يَا حَسَنَ الصِّفَاتِ * السَّلَامُ عَلَيْكَ يَا ذَا الْمَوْهِبَاتِ
السَّلَامُ عَلَيْكَ يَا رُكْنَ الصَّلَاحِ * السَّلَامُ عَلَيْكَ يَا رَبَّ السَّمَاحِ","assalāmu 'alaika yā hasanaṣ-ṣifāt; assalāmu 'alaika yā zal mauhibāt.
assalāmu 'alaika yā ruknaṣṣalāh; assalāmu 'alaika yā rabbas-samāh.","Selamat buatmu, yang termulia di antara para nabi. Selamat buatmu, wahai yang memiliki sifat-sifat mulia; Selamat buatmu, wahai yang memiliki banyak anugerah; Selamat buatmu, wahai tonggak kebaikan; Selamat buatmu, wahai pemilik kemurahan hati.",,28-37,31-40
sair_01_unit_09,1,a,Sair Pertama,9,jabu_refrein,أَلْفَ صَلُّوْا عَلَى النَّبِيِّ خَاتَمِ الرُّسُلِ الْكِرَامِ,alfa ṣallū 'alan-nabiyyi khātimir-rusulil-kirām (Jābu),Beribu salawat buat Nabi penutup para rasul yang mulia.,,28-37,31-40
sair_01_unit_10,1,a,Sair Pertama,10,puisi_sair,"السَّلَامُ عَلَيْكَ يَا زَيْنَ الْمِلَاحِ * السَّلَامُ عَلَيْكَ يَا دَاعِيَ الْفَلَاحِ
السَّلَامُ عَلَيْكَ يَا نُوْرَ الصَّبَاحِ * السَّلَامُ عَلَيْكَ يَا حَيَّ الْفَلَاحِ","assalāmu 'alaikayā zainal milāh; assalāmu 'alaika yā dā'iyal-falāh.
assalāmu 'alaika yā nūraṣṣabāh; assalāmu 'alaika yā hayyal-falāh.","Selamat buatmu, wahai yang terindah keelokannya; Selamat buatmu, wahai penyeru kepada kejayaan; Selamat buatmu, wahai cahaya fajar pagi; Selamat buatmu, wahai pembawa keberuntungan.",,28-37,31-40
sair_01_unit_11,1,a,Sair Pertama,11,jabu_refrein,مُسَلَّبُ الْعَقْلِ سِوَى سِحْرِ جُفُوْنِهِ مُسَلَّبُ الْعَقْلِ,Musallabul ’aqli siwasihira jūfuni musallabul ’aqli. (Jābu),Sinar keindahan di pelupuk matanya tidak dapat dijangkau oleh akal fikiran.,,28-37,31-40
sair_01_unit_12,1,a,Sair Pertama,12,puisi_sair,"السَّلَامُ عَلَيْكَ يَا ضَوْءَ الْبَصَائِرِ * السَّلَامُ عَلَيْكَ يَا عَالِيَ الْمَفَاخِرِ
السَّلَامُ عَلَيْكَ يَا بَحْرَ الذَّخَائِرِ * السَّلَامُ عَلَيْكَ يَا رَوْضَ النَّضَائِرِ","assalāmu 'alaikayāḍau'al baṣāir; assalāmu 'alaika yā 'ālil-mafākhir.
assalāmu 'alaika yā bahraz-zakhāir; assalāmu 'alaika yā rauḍan-naḍāir.","Selamat buatmu, wahai cahaya pandangan batin manusia; Selamat buatmu, wahai yang tinggi kemegahannya; Selamat buatmu, wahai samudra kebajikan yang berlimpah; Selamat buatmu, wahai taman yang elok berseri.",,28-37,31-40
sair_01_unit_13,1,a,Sair Pertama,13,puisi_sair,"صَلَّى اللهُ عَلَيْهِ * السَّلَامُ عَلَى الْمُقَدَّمِ لِلْإِمَامَةِ * السَّلَامُ عَلَى الْمُشَفَّعِ فِي الْقِيَامَةِ
السَّلَامُ عَلَى الْمُظَلَّلِ فِي الْغَمَامَةِ * السَّلَامُ عَلَى الْمُتَوَّجِ بِالْكَرَامَةِ","assalāmu 'alal-muqaddam lil-imāmah; assalāmu 'alal-musyaffa'i fil-qiyāmah.
assalāmu 'alal-muẓallali fil-gamāmah; assalāmu 'alal-mutawwaj bil-karāmah.",Selamat bagi pemimpin terdepan bagi para imam; Selamat bagi pemilik syafaat di hari kiamat; Selamat bagi sosok yang dinaungi awan teduh; Selamat bagi pemilik mahkota kemuliaan.,,28-37,31-40
sair_01_unit_14,1,a,Sair Pertama,14,jabu_refrein,إِلٰهِيْ يَا إِلٰهِيْ (٢×) إِلٰهِيْ تَوْبَةً قَبْلَ الْمَمَاتِ,Ilāhī yā ilāhī 2x ilāhī taubatan qablal-mamāt. (Jābu),"Tuhanku, ya Tuhanku (2x), hamba memohon tobat sebelum datangnya maut.",,28-37,31-40
sair_01_unit_15,1,a,Sair Pertama,15,puisi_sair,"السَّلَامُ عَلَى الْخُلَاصَةِ مِنْ تِهَامَةْ * السَّلَامُ عَلَى الْمُبَشِّرِ بِالسَّلَامَةْ
السَّلَامُ عَلَى مُحَمَّدٍ الرَّسُوْلِ * السَّلَامُ عَلَى النَّبِيِّ أَبِي الْبَتُوْلِ
السَّلَامُ عَلَيْكَ يَا وَجْهَ الْجَمِيْلِ * السَّلَامُ عَلَى الْخَلِيْفَةِ مِنْكَ وَفِيْنَا","assalāmu 'alal-khulāṣati min tihāmah; assalāmu 'alal-mubasysyir bis-salāmah;
assalāmu 'alā muhammadinir-rasul; assalāmu 'alan-nabiyyi abil-batuli;
assalāmu 'alaika yā wajhal-jamīl; assalāmu 'alal-khalīfati minka wa fīnā;","Selamat bagi pilihan terbaik dari tanah Tihāmah; Selamat bagi pembawa kabar gembira keselamatan; Selamat bagi Muhammad sebagai utusan Allah; Selamat bagi Nabi mulia, ayahanda Siti Fatimah az-Zahra; Selamat bagimu wahai pemilik wajah rupawan; Selamat bagi penerus amanahmu di tengah kami.",,28-37,31-40
sair_01_unit_16,1,a,Sair Pertama,16,puisi_sair,"رَضِيَ اللهُ عَنْ أَبِي بَكْرٍ مُبِيْدِ الْجَاهِدِيْنَ * وَكَذَا عُمَرَ وَلِيِّ الصَّالِحِيْنَ
وَذِي النُّوْرَيْنِ رَأْسِ النَّاسِكِيْنَ * وَكَذَاكَ عَلِيٍّ السَّامِي يَقِيْنْ
وَالسَّلَامُ عَلَى أَصْحَابِكَ أَجْمَعِيْنَ * وَآلِكَ كُلِّهِمْ وَالتَّابِعِيْنَ
الصَّلَاةُ عَلَى النَّبِيِّ وَالسَّلَامُ عَلَى الرَّسُوْلِ الشَّفِيْعِ الْأَبْطَحِيِّ وَمُحَمَّدٍ عَرَبِيّْ","abībakrin mubīdil-jāhidīn; wa każā'umar waliyyuṣ-ṣālihīn;
wa żin-nūraini ra'sin-nāsikīn; wa każāka 'aliyyu assāmī yaqīn;
assalāmu 'alā aṣhābika ajma'īn; wa ālika kullihim wat-tābi'īn; wa tābi'ihim wa tābi'it-tābi'īn;
aṣṣalātu 'alan-nabiyyi; was-salāmu 'alar-rasūl; asysyafī'il-abṭahiyyi; wa muhammad 'arabiyy.","Semoga Allah meridhai Abu Bakar penakluk para pembangkang; dan juga Umar pemimpin kaum saleh; dan Usman pemilik dua cahaya pemimpin ahli ibadah; serta Ali yang luhur keyakinannya; Keselamatan tercurah atas seluruh sahabatmu, seluruh keluargamu, dan para tabi'in; Salawat atas Nabi dan keselamatan bagi Rasul pemberi syafaat di Bathha, Muhammad yang fasih berbahasa Arab.",,28-37,31-40
sair_01_unit_17,1,a,Sair Pertama,17,jabu_refrein,وَرَضِيَ اللهُ عَنْ أَصْحَابِ رَسُوْلِ اللهِ أَجْمَعِيْنَ,ṣahābati rasulillāhi ajma'īn (Jābu),Semoga Allah ta'ala meridhai seluruh sahabat Rasulullah semuanya.,,28-37,31-40
sair_01_unit_18,1,a,Sair Pertama,18,prosa_hikayat_indonesia,بِسْمِ اللهِ الرَّحْمٰنِ الرَّحِيْمِ * الْحَمْدُ لِلّٰهِ الَّذِي شَرَّفَ الْأَنَامَ بِصَاحِبِ الْمَقَامِ الْأَعْلَى * وَكَمَّلَ السُّعُوْدَ بِأَكْرَمِ مَوْلُوْدٍ حَوَى شَرَفًا وَفَضْلًا * وَشَرَّفَ بِهِ الْآبَاءَ وَالْجُدُوْدَ وَمَلَأَ الْوُجُوْدَ بِجُوْدِهِ عَدْلًا...,Bismillāhir-rahmānir-rahīm. Alhamdu lil-lāhil-lażī syarrafal-anāma biṣāhibil-maqāmil-a’lā; wa kammalas-su’ūda biakrami maulūdin hawā syarafan wa faḍlan; wa syarrafa bihil-ābāa wal-judūda wamalaul-wujūda bijūdihī ’aḍā; hamalathu ummuhū āminatu...,"Kumulai dengan nama Allah jua memulai membaca kitab ini yang amat murah di dalam negeri dunia lagi yang amat mengasihani akan hambanya yang mukmin di dalam negeri akhirat. Segala puji bagi Allah yang telah memuliakan hambanya Muhammad, karena dialah Tuhan yang mempunyai maqam yang maha tinggi. Dan disempurnakan Allah kebahagiaan dengan kemuliaan sebab memuliakan kelahiran nabi Muhammad saw dengan semulia-mulia kelebihannya. Dan dipermulia oleh Allah ta'ala dengan dia ibu bapaknya dan nenek moyangnya, dan dipenuhi oleh Allah ta'ala seisi dunia, sebab murahnya dan adilnya.

Selama mengandung nabi Muhammad, ibunya Siti Aminah tiada merasa sakit dan berat karena mengandung nabiyullah saw itu. Dan telah dilahirkan oleh Siti Aminah nabiyullah itu sudah lagi bercila kedua matanya, dan dengan perhiasannya yang maha mulia, hebat lagi gilang-gemilang cahayanya...",,28-37,31-40
sair_01_unit_19,1,a,Sair Pertama,19,jabu_refrein,إِبْرَاهِيْمُ الْخَلِيْلُ اللهُ * مُوْسَى كَلَامُ اللهِ * عِيْسَى وَرُوْحُ اللهِ * مُحَمَّدٌ رَسُوْلُ اللهِ,Ibrahim al-khalīlul-lāh; mūsā kalāmul-lāh; 'īsā warūhul-lāh; muhammad rasūlul-lāh. (Jābu),"Ibrahim adalah kekasih Allah, Musa kalam Allah, Isa Ruh Allah dan Muhammad adalah Rasulullah.",,28-37,31-40
sair_02_unit_01,2,b,Sair Kedua,1,header_dan_pembuka,بِسْمِ اللهِ الرَّحْمٰنِ الرَّحِيْمِ * اللَّهُمَّ صَلِّ وَسَلِّمْ وَبَارِكْ عَلَيْهِ,Bismillāhir-rahmānir-rahīm. b. Sair Kedua,Dengan nama Allah Yang Maha Pengasih lagi Maha Penyayang. Pujian Kemunculan Cahaya Nabi di Bulan Kelahiran.,,37-41,40-44
sair_02_unit_02,2,b,Sair Kedua,2,puisi_sair,"بِشَهْرِ رَبِيْعٍ قَدْ بَدَا نُوْرُهُ الْأَعْلَى * فَيَا حَبَّذَا بَدْرًا بِذَاكَ الْحِمَى يُجْلَى
أَنَارَتْ بِهِ الْأَكْوَانُ شَرْقًا وَمَغْرِبًا * وَأَهْلُ السَّمَاءِ قَالُوا لَهُ مَرْحَبًا أَهْلًا","Bi syahri rabī'i qad badā nūruhul-a'lā * fayā habbażā badran, biżākal-himā yujlā * anārat bihil-akwānu syarqan wa magriban * wa ahlus-samāi qālū lahū marhaban ahlan.",Pada bulan Rabi' (yang dimaksud Rabi'ul Awal) telah muncul cahayanya yang maha tinggi; alangkah indahnya bulan purnama yang menerangi dan melindunginya dengan amat baik; alam di timur dan barat menjadi terang; dan para penghuni langit berseru menyambutnya: Selamat datang!,,37-41,40-44
sair_02_unit_03,2,b,Sair Kedua,3,jabu_refrein,لَا إِلٰهَ إِلَّا اللهُ * لَا إِلٰهَ إِلَّا اللهُ * لَا إِلٰهَ إِلَّا اللهُ مُحَمَّدٌ رَسُوْلُ اللهِ,Lā ilāha illal-lāh; lā ilāha illal-lāh; lā ilāha illal-lāh muhammadur-rasūlul-lāh. (Jābu),Tiada Tuhan selain Allah; Tiada Tuhan selain Allah; Tiada Tuhan selain Allah; Muhammad adalah Rasulullah.,,37-41,40-44
sair_02_unit_04,2,b,Sair Kedua,4,puisi_sair,"وَأُلْبِسَ ثَوْبَ النُّوْرِ عِزًّا وَرِفْعَةً * فَمَا مِثْلُهُ فِيْ خِلْعَةِ الْحُسْنِ يُسْتَجْلَى
وَلَمَّا رَآهُ الْبَدْرُ حَارَ لِحُسْنِهِ * وَشَاهَدَ مِنْهُ بَهْجَةً تَسْلِبُ الْعَقْلَا",Wa ulbisa ṡawāban-nūri; 'izzan wa rif'atan; famā miṡluhū fī khil'ati; al-husni yustajallā; wa lammā ra'āhul-badra; hāra lihusnihi; wa syāhada minhu buhjatan; taslibul-'aqlā.,Dia mengenakan pakaian cahaya kemuliaan dan keluhuran; tiada satupun yang menyamai keindahan parasnya; bulan purnama pun terpana takjub menyaksikan keelokannya yang memesona akal.,,37-41,40-44
sair_02_unit_05,2,b,Sair Kedua,5,jabu_refrein,أَلْفَ صَلُّوْا عَلَى خَيْرِ الْعِبَادِ (٢×) أَحْمَدَ مُحَمَّدٍ الْمُصْطَفَى شَفِيْعِنَا,Alfa ṣallū 'alā khairil-'ibād 2x; ahmad muhammad al-muṣṭafā syafī'unā. (Jābu),Beribu-ribu salawat tercurah bagi sebaik-baik hamba Allah (2x); Ahmad Muhammad Al-Musthafa pemberi syafaat kita.,,37-41,40-44
sair_02_unit_06,2,b,Sair Kedua,6,puisi_sair,"وَأُطْفِئَ نُوْرُ الشَّمْسِ مِنْ نُوْرِ وَجْهِهِ * فَلِلّٰهِ مَا أَبْهَى وَلِلّٰهِ مَا أَجْلَى
أَيَا مَوْلِدَ الْمُخْتَارِ جَدَّدْتَ شَوْقَنَا * إِلَى خَيْرِ مَبْعُوْثٍ جَلِيْلٍ حَوَى الْفَضْلَا",Wa uṭfi'a nūrusy-syamsi; min nūri wajhihi; falillāhi mā abhā; walillāhi mā ajlā; ayā maulidal-mukhtāri; jaddadta syauqanā; ilā khairi mab'ūṡi; jalīlin hawal-faḍlā.,"Dan cahaya matahari pun redup tertutupi pancaran cahaya wajahnya; Demi Allah, alangkah indahnya dan alangkah agungnya! Wahai hari kelahiran Sang Terpilih, engkau memperbarui kerinduan kami kepada sebaik-baik utusan yang agung pemilik segala keutamaan.",,37-41,40-44
sair_02_unit_07,2,b,Sair Kedua,7,jabu_refrein,صَلَّى اللهُ عَلَى الْمَدَنِيْ مُحَمَّدٍ شَفِيْعِنَا (٢×) مَا غَرَّتْ عَلَى الْفَضْلِ قُمْرِيٌّ عَلَى الْإِكْسَارِ,"ṣallal-lāhu 'alal-madani muhammad syafī'unā 2x mā garrat 'alal-faḍli, qumriy 'alal-iksar (Jābu)","Semoga Allah mencurahkan salawat kepada Nabi Muhammad yang mulia pemberi syafaat kita (2x), setinggi burung berkicau memuji keutamaan di atas dahan permata.",,37-41,40-44
sair_02_unit_08,2,b,Sair Kedua,8,puisi_sair,"وَسَعْدًا مُقِيْمًا بِافْتِخَارٍ لِمَوْلِدٍ * لَهُ خَيْرٌ عَنْ حُسْنِهِ أَبَدًا يُتْلَى
عَلَيْهِ صَلَاةُ اللهِ مَا هَبَّتِ الصَّبَا * وَمَا سَارَ حَادٍ بِالنِّيَاقِ إِلَى الْمُعْلَى",Wasa'adan muqīmā; biftihāri limaulidi; lahū khairū 'an husnihī; abadan yutlā; 'alaihi ṣalātul-lāhi; mā habbatiṣ-ṣayā; wa mā sāra hādin * bin-niyāqi ilal-ma'lā.,Berbahagialah segenap tempat dan masa dengan kelahiran insan mulia ini; kebaikannya senantiasa diperdengarkan sepanjang masa; Semoga salawat Allah tercurah kepadanya selama angin sepoi berhembus dan selama penuntun unta berjalan menuju tempat yang tinggi.,,37-41,40-44
sair_02_unit_09,2,b,Sair Kedua,9,jabu_refrein,اللَّهُمَّ صَلِّ وَسَلِّمْ وَبَارِكْ عَلَيْهِ * {يَا أَيُّهَا النَّبِيُّ إِنَّا أَرْسَلْنَاكَ شَاهِدًا وَمُبَشِّرًا وَنَذِيْرًا * وَدَاعِيًا إِلَى اللهِ بِإِذْنِهِ وَسِرَاجًا مُنِيْرًا},"Allāhumma ṣalli wa sallim wa bārik 'alaih. Qauluhū ta'āla: ""yā ayyuhan-nabiyyu innā arsalnāka syāhidan wa mubasysyiran wa nażīrā * wa dā'iyan ilal-lāhi bi iżnihī wa sirājan munīrā"" (al-Ahzab: 45-46)","Ya Allah curahkanlah salawat, salam dan keberkahan kepadanya. Firman Allah Ta'ala: ""Wahai Nabi, sesungguhnya Kami mengutusmu untuk menjadi saksi, pembawa kabar gembira, pemberi peringatan, penyeru kepada agama Allah dengan izin-Nya, dan pelita yang menerangi.""",,37-41,40-44
sair_02_unit_10,2,b,Sair Kedua,10,prosa_hikayat_indonesia,شَاهِدًا أَيْ لِلرُّسُلِ بِالتَّبْلِيْغِ وَمُبَشِّرًا لِمَنْ آمَنَ بِالْجَنَّةِ وَنَذِيْرًا لِمَنْ كَذَّبَ بِالنَّارِ وَدَاعِيًا إِلَى اللهِ أَيْ إِلَى تَوْحِيْدِهِ وَطَاعَتِهِ بِإِذْنِهِ...,Syāhidan lir-rusuli bit-tablīgi wa mubasysyiran liman āmana bil-jannati wa nażīran liman każżaba bin-nāri wa dā'iyan ilal-lāhi ay ilā tauhīdihī wa ṭā'atihī...,"Makna firman Allah: Menjadi saksi bagi para rasul atas tersampaikannya risalah, pembawa kabar gembira surga bagi yang beriman, pemberi peringatan azab bagi yang mendustakan, penyeru kepada tauhid dan ketaatan kepada Allah, serta pelita benderang yang menerangi kegelapan umat.",,37-41,40-44
sair_03_unit_01,3,c,Sair Ketiga,1,header_dan_pembuka,صَلَّى عَلَيْهِ رَبُّنَا وَنَحْنُ صَلُّوْا بِنَا مُحَمَّدٌ نَبِيُّنَا فِي الْمَحْشَرِ شَفِيْعُنَا,"ṣallā 'alaihi rabbunā wa nahnu ṣallū binā, muhammad nabiyyunā fil-makhsyari syafī'unā.","Semoga Tuhan kita mencurahkan salawat kepadanya, dan marilah kita bersalawat, Muhammad adalah Nabi kita dan pemberi syafaat kita di padang Mahsyar.",,41-47,44-50
sair_03_unit_02,3,c,Sair Ketiga,2,puisi_sair,"تَنَقَّلْتَ فِيْ أَصْلَابِ أَرْبَابِ سُوْدَدٍ * كَذَا الشَّمْسُ فِيْ أَبْرَاجِهَا تَتَنَقَّلُ
وَسِرْتَ سَرِيًّا فِيْ بُطُوْنٍ تَشَرَّفَتْ * بِحَمْلٍ عَلَيْهِ فِي الْأُمُوْرِ الْمُعَوَّلُ",Tanaqqalta fī aṣlābi arbābi sūdad; kazasy-syamsu fī abrājihā tatanaqqalu. Wa sirta sariyyan fī buṭūni tasyarrafat; bihamli 'alaihi fil-umūril-mu'awwal.,Engkau dipindahkan di dalam sulbi-sulbi orang-orang mulia; laksana matahari berpindah di dalam gugusan garis edarnya; engkau berjalan di dalam rahim-rahim yang terpilih suci yang membawa amanah yang dapat dipercaya.,,41-47,44-50
sair_03_unit_03,3,c,Sair Ketiga,3,jabu_refrein,اللهُ اللهُ اللهُ * اللهُ رَبُّنَا حَيٌّ مَوْلَى * اللهُ اللهُ اللهُ * اللهُ حَسْبُنَا حَيٌّ مَنْهَى,Allāh Allāh Allāh * Allāh rabbunā hay maulā Allāh Allāh Allāh * Allāh hasbunā hay manhay. (Jābu),"Allah Allah Allah; Allah Tuhan kami, Yang Maha Hidup lagi Pelindung; Allah Allah Allah; Allah Yang Maha Mencukupi bagi kami.",,41-47,44-50
sair_03_unit_04,3,c,Sair Ketiga,4,puisi_sair,"هَنِيْئًا لِقَوْمٍ أَنْتَ فِيْهِمْ وَمِنْهُمْ * بَدَا مِنْكَ بَدْرٌ بِالْجَمَالِ مُسَرْبَلُ
وَلِلّٰهِ وَقْتٌ جِئْتَ فِيْهِ وَطَالِعٌ * سَعِيْدٌ عَلَى أَهْلِ الْوُجُوْدِ وَمُقْبِلُ",Hanī'an li qaumi anta fīhim wa minhum * badā minka badrun bil-jamāl musarbal; Wa lillāhi waqtu ji'ta fīhi wa ṭāli'un * sa'īdun 'alā ahlil-wujūdi wa muqbil.,"Sungguh beruntung kaum di mana engkau hadir di tengah mereka; terpancar darimu rembulan elok berselimutkan keindahan; waktu kedatanganmu adalah anugerah Allah, dan terbitlah kebahagiaan bagi seluruh alam yang menyambutmu.",,41-47,44-50
sair_03_unit_05,3,c,Sair Ketiga,5,header_dan_pembuka,اللَّهُمَّ صَلِّ وَسَلِّمْ وَبَارِكْ عَلَيْهِ,Allāhumma ṣalli wa sallim wa bārik 'alaih,"Ya Allah, limpahkanlah salawat, keselamatan, dan keberkahan kepadanya.",,41-47,44-50
sair_03_unit_06,3,c,Sair Ketiga,6,prosa_hikayat_indonesia,وَعَنْ يَزِيْدَ بْنِ عَبْدِ اللهِ بْنِ وَهْبٍ عَنْ عَمَّتِهِ قَالَتْ كُنَّا نَسْمَعُ أَنَّ آمِنَةَ لَمَّا حَمَلَتْ بِرَسُوْلِ اللهِ صَلَّى اللهُ عَلَيْهِ وَسَلَّمَ كَانَتْ تَقُوْلُ: مَا شَعَرْتُ أَنِّيْ حَمَلْتُ وَلَا وَجَدْتُ لَهُ ثِقَلًا وَلَا أَلَمًا...,Wa 'an yazīd ibni 'abdil-lāh ibni wahhāb 'an 'ammatihī qālat: kunnā nasma'u anna āminata lammā hamalat bi rasūlil-lāhi ṣallal-lāhu 'alaihi wa sallam kānat taqūlu: mā sya'artu annī hamaltu walā wajadtu lahū ṡiqalan walā alaman...,"Diriwayatkan dari Siti Aminah ibunda Nabi SAW: Selama mengandung Rasulullah SAW tiada merasa berat dan tiada merasa sakit sebagaimana perempuan pada umumnya. Beliau didatangi pembawa kabar gembira yang memberitahukan bahwa yang dikandungnya adalah penghulu umat ini, Nabi pembawa petunjuk dan rahmat, yang kelak dilahirkan pada hari Senin.",,41-47,44-50
sair_04_unit_01,4,d,Sair Keempat,1,jabu_refrein,اللهُ وَلِيٌّ (٢×) نِعْمَ الْوَلِيُّ * اللهُ مَوْلَى يَا رَبَّنَا * صَلُّوْا عَلَى هٰذَا النَّبِيِّ وَمُحَمَّدٍ سَيِّدِي وَاغْفِرْ لَنَا,Allāhu walī 2x ni'mal-wali Allāhu maulā yā rabbanā; ṣallū 'alā hāżan-nabiyyi wa muhammadi al-lāhu sayyidi wa gaffir lanā (Jābu),"Allah adalah pelindung kami (2x), sebaik-baik pelindung; Allah pengayom kami, ya Tuhan kami; Bersalawatlah untuk Nabi Muhammad ini, ya Allah muliakanlah dan ampunilah dosa kami.",,47-50,50-53
sair_04_unit_02,4,d,Sair Keempat,2,header_dan_pembuka,بِسْمِ اللهِ الرَّحْمٰنِ الرَّحِيْمِ * د. السَّائِرُ الرَّابِعُ,d. Sair Keempat: Wulidal-Habīb,Sair Keempat: Kegembiraan Kelahiran Sang Kekasih.,,47-50,50-53
sair_04_unit_03,4,d,Sair Keempat,3,puisi_sair,"وُلِدَ الْحَبِيْبُ وَخَدُّهُ مُتَوَرِّدُ * وَالنُّوْرُ مِنْ وَجَنَاتِهِ يَتَوَقَّدُ
وُلِدَ الْحَبِيْبُ وَمِثْلُهُ لَا يُوْلَدُ * وُلِدَ الْحَبِيْبُ وَخَدُّهُ مُتَوَرِّدُ","Wulidal-habību wa khadduhū mutawarrid * wan-nūru min wajanātihi yatawaqqad;
wulidal-habību wa miṡluhū lā yūlad * wulidal-habību wa khadduhū mutawarrid.",Kekasih Allah telah dilahirkan dan kedua pipinya memerah elok; dan cahaya dari wajahnya bersinar gemerlap; Kekasih telah lahir dan tiada insan serupa dengannya pernah dilahirkan; Kekasih telah lahir dengan rupa seindah mawar.,,47-50,50-53
sair_04_unit_04,4,d,Sair Keempat,4,jabu_refrein,اللهُ اللهُ اللهُ اللهُ اللهُ اللهُ رَبُّنَا * اللهُ اللهُ اللهُ اللهُ اللهُ اللهُ حَسْبُنَا,Allahu Allahu Allahu Allahu Allahu Allahu rabbunā * Allahu Allahu Allahu Allahu Allahu Allahu hasbunā. (Jābu),Allah Allah Allah Allah Tuhan kami; Allah Allah Allah Allah Yang Maha Mencukupi bagi kami.,,47-50,50-53
sair_04_unit_05,4,d,Sair Keempat,5,puisi_sair,أَلْفَ صَلُّوْا عَلَى النَّبِيِّ خَاتَمِ الرُّسُلِ الْكِرَامِ * أَحْمَدَ الْهَادِيَ الَّذِيْ سَيْلِيلَا عَمَّ جُوْدِهِ الْأَنَامْ,Alfa ṣallū 'alan-nabiyyi khātamir-rusulil-kirām * ahmadal-hādiyal-lażī saililā 'amma jūdihil-anām (Jābu),Beribu-ribu salawat buat Nabi penutup para rasul yang mulia; Ahmad pembawa petunjuk yang kemurahan hatinya melimpah meliputi seluruh alam semesta.,,47-50,50-53
sair_05_unit_01,5,e,Sair Kelima,1,header_dan_pembuka,بِسْمِ اللهِ الرَّحْمٰنِ الرَّحِيْمِ * هـ. السَّائِرُ الْخَامِسُ,e. Sair Kelima: Haṣalal-Qaṣdu,Sair Kelima: Tercapainya Cita-Cita dengan Melihat Rupa Nabi SAW.,,50-50,53-53
sair_05_unit_02,5,e,Sair Kelima,2,puisi_sair,حَصَلَ الْقَصْدُ وَالْمُرَادُ وَصَفَا الْوَقْتُ وَالْوِدَادُ * وَبِرُؤْيَا مُحَمَّدٍ فَرِحَتْ أَنْفُسُ الْعِبَادِ,haṣalal-qaṣdu wal-murādu waṣafal-waqtu wal-widādu * wa biru'yā muhammadin farihat anfusul-'ibād.,"Telah tercapai segala yang dituju dan dikehendaki, waktu menjadi hening berselimut cinta kasih, dan dengan memandang keindahan rupa Muhammad bergembiralah segenap jiwa para hamba.",,50-50,53-53
sair_05_unit_03,5,e,Sair Kelima,3,prosa_hikayat_indonesia,رَمَقَتْ آمِنَةُ مُحَمَّدًا بِالْبَصَرِ فَإِذَا فَرْقُهُ كَالصُّبْحِ إِذَا أَسْفَرَ، وَشَعْرُهُ كَاللَّيْلِ إِذَا سَجَى، وَوَجْهُهُ أَضْوَأُ مِنَ الشَّمْسِ وَأَنْوَرُ، أَزَجُّ الْحَاجِبَيْنِ أَكْحَلُ الْعَيْنَيْنِ أَقْنَى الْأَنْفِ رَقِيْقُ الشَّفَتَيْنِ كَأَنَّمَا يَتَبَسَّمُ عَنْ نَضِيْدِ الدُّرَرِ...,Ramaqat āminatu muhammadan bil-baṣar; faiżā farquhū kaṣ-ṣubhi iżā asfar; wa sya'ruhu kal-laili iżā sajā wa'takar; wa wajhuhu aḍwa'u minasy-syamsi wa anwar; azajjul-hājibaini akhalul-'ainaini aqnāl-anfi daqīqusy-syafatain; ka annamā yatabassamu 'an naḍīdid-durar...,"Pelukisan Siti Aminah memandang putranya: Belahan rambutnya bagai fajar merekah, rambutnya ikal hitam pekat laksana malam, wajahnya lebih benderang dari matahari; kedua alisnya melengkung indah, matanya bercelak alami, hidungnya mancung lembut, bibirnya merekah manis laksana untaian mutiara berkilau.",,50-50,53-53
sair_05_unit_04,5,e,Sair Kelima,4,jabu_refrein,مُحَمَّدٌ مُحَمَّدٌ بِبَدْرِ التَّمَامِ * مُحَمَّدٌ مُحَمَّدٌ عَلَيْهِ سَلَامٌ,Muhammad Muhammad bi badrit-tamām * Muhammad Muhammad 'alaihi salām (Jābu),"Muhammad, Muhammad bagaikan rembulan purnama sempurna; Muhammad, Muhammad atasnya tercurah salam dan keselamatan.",,50-50,53-53
sair_06_unit_01,6,f,Sair Keenam,1,header_dan_pembuka,بِسْمِ اللهِ الرَّحْمٰنِ الرَّحِيْمِ * و. السَّائِرُ السَّادِسُ,f. Sair Keenam: Fī Miṡli Husnika,Sair Keenam: Keelokan Akhlak dan Paras Baginda Nabi SAW.,,50-53,53-56
sair_06_unit_02,6,f,Sair Keenam,2,puisi_sair,"فِيْ مِثْلِ حُسْنِكَ تُعْذَرُ الْعُشَّاقُ * وَتُمَدُّ خَاضِعَةً لَكَ الْأَعْنَاقُ
قَدْ فَاقَ حُسْنُكَ لِلْوُجُوْدِ بِأَسْرِهِ * حَتَّى أَضَاءَ بِنُوْرِكَ الْآفَاقُ","Fī miṡli husnika tu'żarul-'usysyāq; wa tumaddu khāḍi'atan lakal-a'nāq;
Qad fāqa husnuka lilwujūdi bi asrihi; hattā aḍā'a bi nūrikal-afāq.","Melihat keelokanmu yang tiada tara, dimaklumi hati para pecinta yang terpesona; dan tunduklah segenap leher dengan takzim kepadamu; Keelokanmu telah melampaui seluruh wujud di alam semesta, hingga seluruh cakrawala ufuk benderang dengan cahayamu.",,50-53,53-56
sair_06_unit_03,6,f,Sair Keenam,3,prosa_hikayat_indonesia,وَرَوَى مُحَمَّدُ بْنُ سَعِيْدٍ عَنْ جَمَاعَةٍ مِنْ أَهْلِ الْعِلْمِ أَنَّ آمِنَةَ لَمَّا حَمَلَتْ بِرَسُوْلِ اللهِ صَلَّى اللهُ عَلَيْهِ وَسَلَّمَ قَالَتْ: لَقَدْ عَلِقْتُ بِهِ فَمَا وَجَدْتُ لَهُ مَشَقَّةً وَلَا تَعَبًا، وَأَنَّهُ لَمَّا فُصِلَ عَنْهَا خَرَجَ مَعَهُ نُوْرٌ أَضَاءَتْ لَهُ قُصُوْرُ الشَّامِ...,Wa rawā muhammadu-bnu sa'īdin 'an jamā'atin min ahlil-'ilmi anna āminatan lammā hamalat bi rasūlil-lāhi ṣallal-lāhu 'alaihi wa sallam qālat: laqad 'alaqtu bihī famā wajadtu lahū masyaqqatan walā ta'aban...,"Maka beranaklah Siti Aminah akan habībullāh Muhammad saw. Yaitu bercila kedua matanya, telah terputus tali pusatnya dan sudah terkhatan. Disambutlah ia oleh para malaikat dan dibawa kakeknya Abdul Muthalib masuk ke Ka'bah bersyukur memuji Allah atas anugerah agung tersebut.",,50-53,53-56
sair_06_unit_04,6,f,Sair Keenam,4,jabu_refrein,صَلَّى اللهُ عَلَى مُحَمَّدٍ صَلَّى اللهُ عَلَيْهِ وَسَلَّمَ (جَابُوْ),ṣallal-lāhu 'alā muhammad ṣallal-lāhu 'alaihi wa sallam (Jābu),Semoga Allah mencurahkan salawat dan salam kepada Nabi Muhammad SAW.,,50-53,53-56
sair_07_unit_01,7,g,Sair Ketujuh,1,header_dan_pembuka,بِسْمِ اللهِ الرَّحْمٰنِ الرَّحِيْمِ * ز. السَّائِرُ السَّابِعُ,g. Sair Ketujuh: Al-Hamdu Lillāhillażī A'ṭānī,Sair Ketujuh: Syi'ir Syukur Sang Kakek Abdul Muthalib di Depan Ka'bah.,,53-55,56-58
sair_07_unit_02,7,g,Sair Ketujuh,2,puisi_sair,"الْحَمْدُ لِلّٰهِ الَّذِيْ أَعْطَانِيْ * هٰذَا الْغُلَامَ الطَّيِّبَ الْأَرْدَانِ
قَدْ سَادَ فِي الْمَهْدِ عَلَى الْغِلْمَانِ * أُعِيْذُهُ بِالْبَيْتِ ذِي الْأَرْكَانِ
حَتَّى أَرَاهُ بَالِغَ الْبُنْيَانِ * أَنْتَ الَّذِيْ سُمِّيْتَ فِي الْقُرْآنِ
أَحْمَدَ مَكْتُوْبًا عَلَى الْجِنَانِ * صَلَّى عَلَيْكَ اللهُ فِي الْأَحْيَانِ","Al-hamdu lil-lāhil-lażī a'ṭānī; hāżal-gulāmaṭ-ṭayyibal-ardān;
Qad sāda fil-mahdi 'alal-gilmān; u'īżuhū bil-baiti żil-arkān;
Hattā arāhu bāligal-bunyān; antal-lażī summīta fil-qur'ān;
Ahmada maktūban 'alal-jinān; ṣallā 'alaikal-lāhu fil-ahyān.",Segala puji bagi Allah yang telah memberiku anak yang suci wangi perangainya; Sungguh ia telah memimpin anak-anak sejak dari buaiannya; Aku memohonkan perlindungan baginya demi Ka'bah pemilik rukun-rukun; hingga aku melihatnya tumbuh dewasa sempurna; Engkaulah yang diberi nama di dalam Al-Qur'an; Ahmad yang tertulis mulia di pintu surga; Semoga Allah melimpahkan salawat kepadamu setiap masa.,,53-55,56-58
sair_07_unit_03,7,g,Sair Ketujuh,3,jabu_refrein,الْحَمْدُ لِلّٰهِ عَلَى كُلِّ حَالٍ * أَسْتَغْفِرُ اللهَ مِنْ كُلِّ ذَنْبٍ (جَابُوْ),Alhamdu lil-lāhi 'alā kulli hāl; astagfirullāha min kulli żanb (Jābu),Segala puji bagi Allah atas segala keadaan; hamba memohon ampun kepada Allah dari setiap dosa.,,53-55,56-58
sair_07_unit_04,7,g,Sair Ketujuh,4,jabu_refrein,صَلَّى اللهُ عَلَيْكَ يَا عَدْنَانُ * اللهُ اللهُ حَسْبُنَا اللهُ وَنِعْمَ الْوَكِيْلُ,ṣallal-lāhu 'alaika yā 'adnān; Allāhu Allāh hasbunallāh wa ni'mal-wakīl (Jābu),Semoga Allah mencurahkan salawat kepadamu wahai keturunan Adnan; Allah Allah cukuplah Allah menjadi penolong dan sebaik-baik pelindung.,,53-55,56-58
sair_08_unit_01,8,h,Sair Kedelapan,1,header_dan_pembuka,بِسْمِ اللهِ الرَّحْمٰنِ الرَّحِيْمِ * ح. السَّائِرُ الثَّامِنُ,h. Sair Kedelapan: Syahru Rabī'in,Sair Kedelapan: Kemuliaan Bulan Rabi'ul Awal.,,55-57,58-60
sair_08_unit_02,8,h,Sair Kedelapan,2,puisi_sair,"شَهْرُ رَبِيْعٍ بَدَا نُوْرُهُ * يَفُوْقُ عَلَى الْبَدْرِ فِيْ حُسْنِهِ
لِأَجْلِ رَسُوْلٍ أَتَى بِالْهُدَى * فَأَكْرِمْ بِشَهْرٍ غَدَا فَخْرُهُ","Syahru rabī'in badā nūruhū; yafūqu 'alal-badri fī husnihī;
Li'ajli rasūlin atā bil-hudā; fa akrim bi syahrin gadā fakhruhū.","Pada bulan Rabi', telah terbit rembulan dengan keindahan yang melebihi bulan purnama; Karena kehadiran Rasul pembawa petunjuk kebenaran; maka muliakanlah bulan yang penuh kebanggaan dan rahmat ini.",,55-57,58-60
sair_08_unit_03,8,h,Sair Kedelapan,3,jabu_refrein,اللهُ اللهُ اللهُ اللهُ (٢×) اللهُ اللهُ اللهُ اللهُ اللهُ اللهُ يَا صَمَدِيْ يَا رَبَّنَا,Allāh allāh allāh allāh 2x allāh allāh allāh allāh allāh allāh yā ṣamadī yā rabbanā (Jābu),"Allah Allah Allah Allah (2x), Allah Allah Allah wahai Tuhan Tempat Bergantung, wahai Tuhan kami.",,55-57,58-60
sair_08_unit_04,8,h,Sair Kedelapan,4,puisi_sair,فَيَا مَرْحَبًا بِشَهْرِ الْهُدَى * وَيَا مَرْحَبًا بِخَيْرِ الْوَرَى,Fa yā marhaban bi syahril-hudā * wa yā marhaban bi khairil-warā.,"Selamat datang wahai bulan pembawa petunjuk hidayah, dan selamat datang wahai sebaik-baik insan semesta.",,55-57,58-60
sair_09_unit_01,9,i,Sair Kesembilan,1,header_dan_pembuka,بِسْمِ اللهِ الرَّحْمٰنِ الرَّحِيْمِ * طَلَعَ الْبَدْرُ عَلَيْنَا (مَحَلُّ الْقِيَامِ),i. Sair Kesembilan: Mahallul Qiyām (Berdiri Menghormati Kelahiran Nabi),"Sair Kesembilan: Mahallul Qiyam, pembacaan berdiri penuh khidmat menyambut detik kelahiran Nabi Muhammad SAW.",,57-62,60-65
sair_09_unit_02,9,i,Sair Kesembilan,2,puisi_sair,"طَلَعَ الْبَدْرُ عَلَيْنَا * مِنْ ثَنِيَّاتِ الْوَدَاعِ
وَجَبَ الشُّكْرُ عَلَيْنَا * مَا دَعَا لِلّٰهِ دَاعِ
أَيُّهَا الْمَبْعُوْثُ فِيْنَا * جِئْتَ بِالْأَمْرِ الْمُطَاعِ
جِئْتَ شَرَّفْتَ الْمَدِيْنَةَ * مَرْحَبًا يَا خَيْرَ دَاعِ","Ṭala'al-badru 'alainā * min ṡaniyyātil-wadā';
Wajabasy-syukru 'alainā * mā da'ā lillāhi dā';
Ayyuhal-mab'ūṡu fīnā * ji'ta bil-amril-muṭā';
Ji'ta syarraftal-madīnah * marhaban yā khaira dā'.","Telah terbit bulan purnama menerangi kita dari celah bukit Tsaniyyatil Wada'; Wajiblah bagi kita bersyukur selama penyeru masih berdoa kepada Allah; Wahai yang diutus di tengah-tengah kita, engkau datang membawa perintah yang ditaati; Engkau datang memuliakan Madinah, selamat datang wahai sebaik-baik penyeru kebenaran!",,57-62,60-65
sair_09_unit_03,9,i,Sair Kesembilan,3,jabu_refrein,مَرْحَبًا يَا نُوْرَ الْعَيْنِ * مَرْحَبًا جَدَّ الْحُسَيْنِ (جَابُوْ),Marhaban yā nūral-'aini * marhaban jaddal-husaini (Jābu),"Selamat datang wahai cahaya biji mataku, selamat datang wahai kakek dari Sayyidina Hasan dan Husain!",,57-62,60-65
sair_09_unit_04,9,i,Sair Kesembilan,4,puisi_sair,"أَنْتَ شَمْسٌ أَنْتَ بَدْرٌ * أَنْتَ نُوْرٌ فَوْقَ نُوْرٍ
أَنْتَ إِكْسِيْرٌ وَغَالِيْ * أَنْتَ مِصْبَاحُ الصُّدُوْرِ
يَا حَبِيْبِيْ يَا مُحَمَّدُ * يَا عَرُوْسَ الْخَافِقَيْنِ
يَا مُؤَيَّدُ يَا مُمَجَّدُ * يَا إِمَامَ الْقِبْلَتَيْنِ","Anta syamsun anta badrun * anta nūrun fauqa nūr;
Anta iksīrun wa gālī * anta miṣbāhuṣ-ṣudūr;
Yā habībī yā muhammad * yā 'arūsal-khāfiqain;
Yā mu'ayyad yā mumajjad * yā imāmal-qiblatain.","Engkau laksana matahari, engkau rembulan purnama, engkau cahaya di atas segala cahaya; Engkau permata nilam yang amat berharga, engkau pelita penerang di dalam dada; Wahai kekasihku ya Muhammad, wahai pengantin timur dan barat; Wahai yang dikuatkan Allah, wahai yang dimuliakan, wahai imam dua kiblat!",,57-62,60-65
sair_09_unit_05,9,i,Sair Kesembilan,5,jabu_refrein,اللهُ اللهُ نُوْرُ اللهِ (٢×) نُوْرُ مُحَمَّدٍ صَلَّى اللهُ * لَا إِلٰهَ إِلَّا اللهُ (جَابُوْ),Allāh Allāh nūrul-lāh 2x nūru muhammad ṣallal-lāh * lā ilāha illal-lāh (Jābu),"Allah Allah cahaya Allah (2x), cahaya Muhammad yang dirahmati Allah; Tiada Tuhan selain Allah.",,57-62,60-65
sair_09_unit_06,9,i,Sair Kesembilan,6,puisi_sair,"مَرْحَبًا يَا مَرْحَبًا يَا نُوْرَ الْعَيْنِ * مَرْحَبًا يَا مَرْحَبًا جَدَّ الْحُسَيْنِ
صَلَّى اللهُ عَلَى مُحَمَّدٍ صَلَّى اللهُ عَلَيْهِ وَسَلَّمَ","Marhaban yā marhaban yā nūral-'aini * marhaban yā marhaban jaddal-husaini;
ṣallal-lāhu 'alā muhammad ṣallal-lāhu 'alaihi wa sallam.","Selamat datang wahai cahaya mataku, selamat datang wahai kakek Hasan dan Husain; Semoga salawat dan keselamatan senantiasa dicurahkan Allah kepada Nabi Muhammad SAW.",,57-62,60-65
sair_10_unit_01,10,j,Sair Kesepuluh,1,header_dan_pembuka,بِسْمِ اللهِ الرَّحْمٰنِ الرَّحِيْمِ * ي. السَّائِرُ الْعَاشِرُ,j. Sair Kesepuluh: Falakum Lahū Min Āyatin,Sair Kesepuluh: Mukjizat Kelahiran Nabi dan Hikayat Gorontalo Siti Halimah Bagian I.,,62-65,65-68
sair_10_unit_02,10,j,Sair Kesepuluh,2,puisi_sair,"فَلَكُمْ لَهُ مِنْ آيَةٍ مَشْهُوْرَةٍ * نَصُّ الْكِتَابِ بِهَا غَدًا مَشْهُوْرًا
خَمَدَتْ لَهُ نَارُ الْمَجُوْسِ وَنُكِّسَتْ * أَصْنَامُهُمْ وَدَعَوْا هُنَاكَ ثُبُوْرًا","Falakum lahu min āyatin masyhūrah; naṣṣul-kitābi bihā gadan masyhūra;
Khumidat lahu nārul-majūsi wa nukkisat; aṣnāmuhum wada'au hunāka ṡubūra;","Bagi kalian, teramat banyak mukjizat termasyhur yang dimilikinya; nas Al-Kitab menegaskan keagungannya kelak; Api sembahan Majusi padam karenanya, berhala-berhala mereka tersungkur jatuh, dan musuh-musuh kebenaran beroleh kebinasaan.",,62-65,65-68
sair_10_unit_03,10,j,Sair Kesepuluh,3,jabu_refrein,يَا رَبَّنَا بِالْمُصْطَفَى بَلِّغْ مَقَاصِدَنَا (٢×) وَاغْفِرْ لَنَا (٢×) مَا مَضَى يَا وَاسِعَ الْكَرَمِ,Yā rabbanā bil-muṣṭafā ballig maqāṣidanā 2x wa gfir lanā 2x mā maḍā yā wāsi'al-karam (Jābu),"Wahai Tuhan kami, berkat Nabi Al-Musthafa sampaikanlah segala maksud cita-cita kami (2x), dan ampunilah dosa-dosa kami yang telah lalu, wahai Dzat Yang Maha Luas Kemurahan-Nya.",,62-65,65-68
sair_10_unit_04,10,j,Sair Kesepuluh,4,puisi_sair,وَأَتَى يُبَشِّرُ بِالْهِدَايَةِ وَالتُّقَى * فَلِذٰلِكَ يُدْعَى هَادِيًا وَبَشِيْرًا,Wa atā yubasysyiru bil-hidāyati wat-tuqā; faliżālika yud'ā hādiyan wa basyīra.,Dan beliau datang membawa kabar gembira dengan hidayah petunjuk dan ketakwaan; maka karena itulah beliau dinamai Al-Hadi (penuntun) dan Al-Basyir (pembawa kabar sukacita).,,62-65,65-68
sair_10_unit_05,10,j,Sair Kesepuluh,5,jabu_refrein,اللهُ اللهُ (٢×) رَبُّنَا * اللهُ اللهُ حَسْبُنَا * وَالنَّبِيُّ الْمُصْطَفَى (٢×) مَحْبُوْبُنَا يَا سَيِّدَنَا,Allāh Allāh 2x rabbunā * Allāh Allāh hasbunā * wan-nabiyyul-muṣṭafā 2x mahbūbanā yā sayyidanā. (Jābu),"Allah Allah (2x) Tuhan kami; Allah Allah Yang Mencukupi kami; dan Nabi Al-Musthafa (2x) kekasih kami, wahai junjungan kami.",,62-65,65-68
sair_10_unit_06,10,j,Sair Kesepuluh,6,prosa_hikayat_gorontalo,وَلَمَّا وُلِدَ صَلَّى اللهُ عَلَيْهِ وَسَلَّمَ سَأَلَ الْوَحْشُ وَالطَّيْرُ رِضَاعَهُ وَسَأَلَتِ الْمَلَائِكَةُ تَرْبِيَتَهُ، فَقَالَ اللهُ تَعَالَى: أَنَا قَادِرٌ أَنْ أُرَبِّيَهُ مِنْ غَيْرِ رِضَاعٍ...,Wa lammā wulida ṣallal-lāhu 'alaihi wa sallama sa'alal-wahsyu waṭ-ṭairu raḍā'ah...,"Kisah Hikayat Gorontalo (Siti Halimah I): Tatkala Nabi Muhammad SAW dilahirkan, segenap hewan liar dan burung memohon untuk menyusuinya dan para malaikat memohon merawatnya. Allah berfirman bahwa telah ditetapkan sejak azali hamba-Nya Siti Halimah as-Sa'diyyah yang akan menyusui permata yatim ini. Dan bumi Makkah menjadi berkat melimpah ruah sejak kelahirannya.","Yio tondahu lo'uma bo timihulalatinelo Nabi Muhammad saw todelomo owwoluwo lo alamu mo'a’amilala wau ma lolamemetolo Nabiyullah lo tidupapa to Allah ta'ala molanggata wau uda2uda'a. Wau diyālu ta pilopowalilio mai ta lohuhumayawa wolio totonulola ta pilotutu tomoomoliomao, ma lotomayalomola Nabiyullah lo tutunulio ode hulunga tu'udu lopo tuwawu lomola lo Allah ta'ala. Wau to'u ma pilotutu lio mai Nabiyullah yito ma isi isilamu lomai, wau ma yide2tolomai lohuta lo Makkah bīhu lo mato lio mohualia...",62-65,65-68
sair_11_unit_01,11,k,Sair Kesebelas,1,header_dan_pembuka,بِسْمِ اللهِ الرَّحْمٰنِ الرَّحِيْمِ * ك. السَّائِرُ الْحَادِيَ عَشَرَ,k. Sair Kesebelas: Salātullāhi 'Alal-Hādī,Sair Kesebelas: Salawat atas Penuntun Terpercaya dan Hikayat Gorontalo Siti Halimah Bagian II.,,65-70,68-73
sair_11_unit_02,11,k,Sair Kesebelas,2,puisi_sair,"صَلَاةُ اللهِ عَلَى الْهَادِي الْأَمِيْنِ * إِمَامِ الْأَنْبِيَاءِ وَالْمُرْسَلِيْنَ
بَدَا نُوْرُ الْهُدَى فِي الْعَالَمِيْنَ * فَأَضْحَى الْكَوْنُ بِالْبُشْرَى مَبِيْنًا","ṣalātul-lāhi 'alal-hādil-amīn * imāmul-anbiyā'i maulā wal-mursalīn;
Badā nūrul-hudā fil-'ālamīn; fa aḍhal-kaunu bil-busyrā mabīnā.","Salawat dan keselamatan Allah tercurah bagi penuntun yang terpercaya, pemimpin para nabi dan rasul; Telah terpancar cahaya petunjuk di segenap alam semesta, hingga jagat raya berseri dengan kabar gembira yang nyata.",,65-70,68-73
sair_11_unit_03,11,k,Sair Kesebelas,3,jabu_refrein,أَلَا يَا رَسُوْلَ اللهِ خَاتَمَهُ اللهُ (٢×) فِيْهَا لَيْلَةُ الْأَجَلِ (٢×) سُلْطَانُ خَيْرِ الْوَرَى,Alā yā rasūlal-lāh khatamahul-lāhu 2x fīhā lailatul-ajali 2x sulṭānu khairil-warā (Jābu),"Ingatlah wahai Rasulullah utusan penutup dari Allah (2x), pemimpin sebaik-baik insan semesta.",,65-70,68-73
sair_11_unit_04,11,k,Sair Kesebelas,4,prosa_hikayat_gorontalo,فَأَقْبَلَتْ حَلِيْمَةُ السَّعْدِيَّةُ تَطْلُبُ رِضَاعَهُ، فَلَمَّا وَضَعَتْهُ فِيْ حِجْرِهَا أَقْبَلَ عَلَيْهَا بِوَجْهِهِ الشَّرِيْفِ...,Fa aqbalat halīmatus-sa'diyyatu taṭlubu riḍā'ah...,"Hikayat Gorontalo (Siti Halimah II): Betapa seluruh makhluk rindu memelihara bayi suci ini, namun takdir Allah menuntun Siti Halimah datang dari perkampungan Bani Sa'ad yang tandus. Saat pertama kali menatap wajah sang bayi, lenyaplah segala kesusahan dan keletihan Siti Halimah, berganti kebahagiaan yang tiada tara.",Wau tondahu lo uma pilotutu lio mai Rasulullah yito ma tilonggoyindulo tonulola binatangi linggela wolo tonulola buburungiyala tomimbihu ta moponu lo'u mopotutu to Nabiyullah. Wau odito olo tonulola malaikati ma ma'o hipohindua uwalio ta tonu ta momalihara to Nabiyullah. Bolo uwalo firmanu Allah ta'ala: wa'u ta kawasa tutu lio tu momalihara olio eleponu boli diyalu ta moponu...,65-70,68-73
sair_12_unit_01,12,l,Sair Kedua Belas,1,header_dan_pembuka,بِسْمِ اللهِ الرَّحْمٰنِ الرَّحِيْمِ * ل. السَّائِرُ الثَّانِيَ عَشَرَ,l. Sair Kedua Belas: Lotombilu Tilo Halimah,Sair Kedua Belas: Keberkahan Kambing Halimah dan Hikayat Sastra Gorontalo.,,70-74,73-77
sair_12_unit_02,12,l,Sair Kedua Belas,2,jabu_refrein,اللَّهُمَّ صَلِّ (٢×) عَلَى مُحَمَّدٍ (٣×) وَآلِهِ (٢×) وَصَحْبِهِ وَسَلِّمْ (٣×) (جَابُوْ),Allahumma ṣalli 2x 'alā Muhammad 3x wa ālihi 2x wa ṣahbihi wa sallam 3x (Jābu),"Ya Allah curahkan salawat (2x) atas Muhammad (3x), beserta keluarganya (2x) dan para sahabatnya dan keselamatan (3x).",,70-74,73-77
sair_12_unit_03,12,l,Sair Kedua Belas,3,prosa_hikayat_gorontalo,قَالَتْ حَلِيْمَةُ: فَلَمَّا أَخَذْتُهُ وَرَجَعْتُ بِهِ إِلَى رَحْلِيْ أَمْكَنْتُهُ مِنْ ثَدْيِيْ فَدَرَّ عَلَيْهِ مَا شَاءَ اللهُ...,Qālat halīmah: falammā akhażtuhū wa raja'tu bihī ilā rahlī...,Hikayat Gorontalo (Siti Halimah III): Tutur kata Siti Halimah saat menggendong Nabi SAW. Air susunya yang semula kering mendadak mengalir deras dan mencukupi sang bayi serta anak kandungnya hingga kenyang tertidur lelap. Hewan tunggangan unta dan kambingnya yang kurus mendadak menjadi sehat dan berisi air susu berlimpah ruah.,"Lotombilu tilo Halimah uwalio to'u tio yilohama ma'o to Nabiyullah yito tohuhama lo u dilalo otabu tutu lio wau wala'io yito malo ngohilaya'alo ma'o lohuyilio u dilalo tilimutu malo sambe ilopopolango ombongio. Teto ma piludu'io ma'o Nabiyullah boito ode bungolopalio, wau totonggade boito tilo Halimah mai laba2 lotutu molulupuhe u yilunduwalio boito bo ma pilopolotolai lo Allah ta'ala wau ma yilenggilo u mongongota wau bolo mealo u mo'otoduwo molulupuhe...",70-74,73-77
sair_12_unit_04,12,l,Sair Kedua Belas,4,puisi_sair,"فَبُوْرِكَ فِيْ حَلِيْمَةَ إِذْ رَعَتْهُ * وَفِيْ أَرْضِ الْبَوَادِيْ إِذْ نَمَاهَا
غَدَتْ شِيَاهُهَا تَمْشِيْ بِخَيْرٍ * وَأَمْسَتْ دَارُهَا خَيْرًا أَتَاهَا","Fa būrika fī halīmata iż ra'athū; wa fī arḍil-bawādī iż namāhā;
Gadat syiyāhuhā tamsyī bi khairin; wa amsat dāruhā khairan atāhā.","Maka tercurahlah berkah bagi Halimah tatkala merawatnya, dan bagi perkampungan padang pasir tatkala beliau tumbuh di sana; Kambing-kambing gembalaannya berjalan dengan sehat subur, dan rumah kediamannya dinaungi limpahan kebaikan.",,70-74,73-77
sair_13_unit_01,13,m,Sair Ketiga Belas,1,header_dan_pembuka,بِسْمِ اللهِ الرَّحْمٰنِ الرَّحِيْمِ * م. السَّائِرُ الثَّالِثَ عَشَرَ,m. Sair Ketiga Belas: Man Miṡlu Ahmad,Sair Ketiga Belas: Tiada Insan yang Menyerupai Kemuliaan Ahmad SAW.,,74-77,77-80
sair_13_unit_02,13,m,Sair Ketiga Belas,2,jabu_refrein,اللهُ اللهُ اللهُ حَيُّ اللهِ (٣×) يَا صَاحِبَ الصَّلَاةِ سَلَامٌ عَلَيْكَ (جَابُوْ),Allāh Allāh Allāh hayyul-lāh 3x yā ṣāhibuṣ-ṣalāti salāmun 'alaik (Jābu),"Allah Allah Allah Yang Maha Hidup (3x), wahai pemilik salawat dan keselamatan bagimu.",,74-77,77-80
sair_13_unit_03,13,m,Sair Ketiga Belas,3,puisi_sair,"مَنْ مِثْلُ أَحْمَدَ فِي الْكَوْنَيْنِ نَهْوَاهُ * بَدْرٌ جَمِيْعُ الْوَرَى فِيْ حُسْنِهِ تَاهُوْا
مَنْ مِثْلُهُ وَإِلٰهُ الْعَرْشِ شَرَّفَهُ * بِالْخَلْقِ وَالْخُلُقِ إِنَّ اللهَ أَعْطَاهُ","Man miṡlu ahmada fil-kaunaini nahwāh; badrun jamī'ul-warā fī husnihi tāhū;
Man miṡluhū wa ilāhul-'arsyi syarrafah; bil-khalqi wal-khuluqi innal-lāha a'ṭāh;",Siapakah yang menyerupai Ahmad di dunia dan akhirat yang kita cintai? Rembulan purnama di mana seluruh manusia terpana takjub pada keindahannya; Siapakah yang menyamainya sedangkan Tuhan Pemilik Arasy telah memuliakannya dengan kesempurnaan rupa fisik dan keluhuran akhlak yang dianugerahkan Allah kepadanya!,,74-77,77-80
sair_13_unit_04,13,m,Sair Ketiga Belas,4,jabu_refrein,يَا سَيِّدِيْ يَا رَسُوْلَ اللهِ خُذْ بِيَدِيْ مَا لَيْسَ لِيْ تَوَكَّلْتُ إِلَّا الْأَحَدَ (جَابُوْ),Yā sayyidī yā rasūlallāh khuż biyadī mā laisa lī tawakkaltu illal-ahad (Jābu),"Wahai junjunganku wahai Rasulullah, bimbinglah tanganku, tiada tempat bagiku berserah diri kecuali kepada Allah Yang Maha Esa.",,74-77,77-80
sair_14_unit_01,14,n,Sair Keempat Belas,1,header_dan_pembuka,بِسْمِ اللهِ الرَّحْمٰنِ الرَّحِيْمِ * ن. السَّائِرُ الرَّابِعَ عَشَرَ,n. Sair Keempat Belas: Syaqquṣ-Ṣadr,Sair Keempat Belas: Peristiwa Pembelahan Dada Nabi SAW dan Prosa Gorontalo.,,77-81,80-84
sair_14_unit_02,14,n,Sair Keempat Belas,2,jabu_refrein,اللهُ اللهُ وَاحِدُ الْجَلَالِ (٢×) أَسْتَغْفِرُ اللهَ قَبْلَ الْأَجَلِ (جَابُوْ),Allāh Allāh wāhidul-jalāl 2x; astagfirullāha qablal-ajali (Jābu),Allah Allah Dzat Yang Maha Tunggal Pemilik Keagungan (2x); aku memohon ampun kepada Allah sebelum datangnya ajal.,,77-81,80-84
sair_14_unit_03,14,n,Sair Keempat Belas,3,puisi_sair,"يَا مَوْلِدًا قَدْ حَوَى عِزًّا وَإِقْبَالًا * بِوَصْلِهِ يَبْلُغُ الْمُشْتَاقُ آمَالًا
يَا مُدَّعِيَ الْحُبِّ فِيْهِ وَهْوَ ذُوْ وَلَهٍ * وَفِيْ هَوَاهُ جَفَا أَهْلًا وَأَطْلَالًا","Yā maulidan qad hawā 'izzan wa iqbālā * biwaṣlihī yabligul-musytāqu āmālā;
Yā mudda'iyal-hubbi fīhi wahwa żū walahin * wa fī hawāhu jafā ahlan wa aṭlālā.","Wahai hari kelahiran yang merangkum kemuliaan dan kebahagiaan, dengan terhubung dengannya orang yang rindu mencapai segala cita; Wahai orang yang mengaku cinta kepadanya dalam rasa rindu mendalam, yang demi mencintainya ia merelakan segenap yang fana.",,77-81,80-84
sair_14_unit_04,14,n,Sair Keempat Belas,4,prosa_hikayat_gorontalo,فَأَتَاهُ جِبْرِيْلُ وَمِيْكَائِيْلُ فَشَقَّا صَدْرَهُ الشَّرِيْفَ وَغَسَلَا قَلْبَهُ بِمَاءِ زَمْزَمَ...,Fa atāhu jibrīlu wa mīkā'īlu fa syaqqā ṣadrahusy-syarīf...,"Hikayat Gorontalo (Pembelahan Dada): Tutur kisah Nabi SAW tatkala Malaikat Jibril dan Mikail membelah dada beliau, membasuh hatinya dengan air zamzam di dalam bejana emas, mengisinya dengan iman, hikmah, dan cahaya keyakinan, lalu merapatkannya kembali tanpa rasa sakit sedikit pun atas kekuasaan Allah Ta'ala.","Wau ma mai biluta'io duhelo watia wau ma yilu'ala'o limongolio tuwango duhelo watia lapata'o ma ma'o bilobo'a limongolio tuwango duhelo watia, wau tomoomolilio ma'o delo bo pilohuwalingio ma'o ode dutuwalio odelo umulomulolo, wau ma yilohuhe'utalo duhelo watia wau okokawasa lo Allah ta'ala u dīla lo otoduwo u mongongota wau boli meyalo mopopolota...",77-81,80-84
sair_14_unit_05,14,n,Sair Keempat Belas,5,jabu_refrein,اللهُ يَا اللهُ (٣×) مُحَمَّدٌ رَسُوْلُ اللهِ * مُحَمَّدٌ حَبِيْبُ اللهِ (جَابُوْ),Allāh yā Allāh 3x muhammadur-rasūlullāh * muhammadun habībullāh (Jābu),"Allah ya Allah (3x), Muhammad adalah utusan Allah, Muhammad adalah kekasih Allah.",,77-81,80-84
sair_15_unit_01,15,o,Sair Kelima Belas,1,header_dan_pembuka,بِسْمِ اللهِ الرَّحْمٰنِ الرَّحِيْمِ * مَوْلَايَ صَلِّ وَسَلِّمْ دَائِمًا دَهْرًا عَلَى الْحَبِيْبِ عَلَى فَوْقِ الْعُلَى وَسَرَى,o. Sair Kelima Belas: Maulā ya ṣalli wa sallim dā'iman dahran; 'alal-habībi 'alā fauqil-'ulā wa sarā.,Sair Kelima Belas: Semoga salawat dan keselamatan tercurah sepanjang masa buat junjungan kekasih yang berkedudukan di atas puncak kemuliaan.,,81-85,84-88
sair_15_unit_02,15,o,Sair Kelima Belas,2,puisi_sair,"صَلَّى الْإِلٰهُ عَلَى النُّوْرِ الَّذِيْ ظَهَرَا * لَنَا بِشَهْرِ رَبِيْعِ الْأَوَّلِ اشْتَهَرَا
أَضَاءَتِ الْأَرْضُ نُوْرًا يَوْمَ مَوْلِدِهِ * وَأَصْبَحَ الْكَوْنُ مِنْ أَنْفَاسِهِ عَطِرَا","ṣallal-ilāhu 'alan-nūril-lażī ẓaharā; lanā bi syahri rabī'il-awwalisy-taharā;
Aḍā'atil-arḍu nūran yauma maulidih; wa aṣbahal-kaunu min anfāsihī 'aṭirā;","Semoga Allah mencurahkan salawat kepada cahaya yang tampak nyata bagi kita, yang masyhur di bulan Rabi'ul Awal; Bumi bersinar terang pada hari kelahirannya, dan semesta menjadi harum semerbak oleh semilir nafasnya.",,81-85,84-88
sair_15_unit_03,15,o,Sair Kelima Belas,3,jabu_refrein,اللهُ اللهُ اللهُ رَبُّنَا * اللهُ اللهُ اللهُ حَسْبُنَا * سَلِّمْ يَا رَبِّ سَلِّمْ (جَابُوْ),Allāh Allāh Allāh rabbunā * Allāh Allāh Allāh hasbunā * sallim yā rabbi sallim (Jābu),"Allah Allah Allah Tuhan kami; Allah Allah Allah Pelindung kami; selamatkanlah ya Tuhan kami, selamatkanlah.",,81-85,84-88
sair_15_unit_04,15,o,Sair Kelima Belas,4,jabu_refrein,نُوْرُ اللهِ نُوْرُ مُحَمَّدٍ أَوَّلَ الزَّمَانِ * وَآخِرَ الزَّمَانِ يَا رَسُوْلَ اللهِ (جَابُوْ),Nūrul-lāh nūru muhammadin awwalaz-zamāni wa ākhiraz-zamān yā rasūlallāh (Jābu),"Cahaya Allah adalah cahaya Muhammad sejak awal zaman hingga akhir zaman, wahai Rasulullah.",,81-85,84-88
sair_16_unit_01,16,p,Sair Keenam Belas,1,header_dan_pembuka,بِسْمِ اللهِ الرَّحْمٰنِ الرَّحِيْمِ * ف. السَّائِرُ السَّادِسَ عَشَرَ,p. Sair Keenam Belas: Ta'ālau Binā Naṣṭalih,Sair Keenam Belas: Ajakan Memperbaiki Diri dan Pintu Keridhaan yang Terbuka.,,85-88,88-91
sair_16_unit_02,16,p,Sair Keenam Belas,2,puisi_sair,"تَعَالَوْا بِنَا نَصْطَلِحْ * فَبَابُ الرِّضَا قَدْ فُتِحْ
دَاوُوْا الْفُؤَادَ الَّذِيْ * بِسَيْفِ الْهَوَى قَدْ جُرِحْ
أَيَا مُدَّعِيْ حُبَّنَا * دَعِ الرُّوْحَ ثُمَّ اطَّرِحْ
تَعَلَّقْ بِأَهْلِ الْهُدَى * وَقُلْ لِلْعَذُوْلِ اسْتَرِحْ","Ta'ālau binā naṣṭalih; fa bābur-riḍā qad futih;
Dāwul-fu'ādal-lażī; bi saifil-hawā qad jurih;
Ayā mudda'ī hubbanā; da'ir-rūha ṡummaṭ-ṭarih;
Ta'allaq bi ahlil-hudā; wa qul lil-'ażūlis-tarih.","Marilah kita bersama memperbaiki diri, pintu keridhaan Allah telah dibuka lebar; Obatilah hati sanubari yang terluka oleh pedang hawa nafsu; Wahai orang yang mendambakan cinta kami, pasrahkan jiwamu dan lepaskanlah kepalsuan; Bergantunglah kepada para penuntun kebenaran dan katakan kepada para pencela: berhentilah!",,85-88,88-91
sair_16_unit_03,16,p,Sair Keenam Belas,3,jabu_refrein,اللهُ اللهُ اللهُ رَبُّنَا * اللهُ اللهُ اللهُ حَسْبُنَا * الصَّلَاةُ عَلَى النَّبِيِّ وَسَلِّمْ عَلَى خَيْرِ الرَّسُوْلِ (جَابُوْ),Allāh Allāh Allāh rabbunā; Allāh Allāh Allāh hasbunā; aṣ-ṣalātu 'alan-nabiyyi wa sallim 'alā khairir-rasūl. (Jābu),Allah Allah Allah Tuhan kami; Allah Allah Allah Pelindung kami; Salawat dan salam tercurah atas Nabi sebaik-baik utusan.,,85-88,88-91
sair_16_unit_04,16,p,Sair Keenam Belas,4,puisi_sair,"وَلِيْ قَلْبٌ مِنْ حُبِّكُمْ * عَلَى بَابِكُمْ مَا بَرِحْ
أَلَا يَا نَبِيَّ الْهُدَى * أَغِثْ مَنْ بِذِكْرِكَ يَصِحْ
أَلَا يَا رَسُوْلَ الْكَرِيْمِ * عَلَيْكَ صَلَاةٌ تَصِحْ
وَشَوْقِيْ لَكُمْ مَا انْقَضَى * وَحُبِّيْ لَكُمْ مَا بَرِحْ","Wa lī qalbun min hubbikum; 'alā bābikum mā barih;
Alā yā nabiyyal-hudā; agiṡ man biżikrika yaṣih;
Alā yā rasūlal-karīm; 'alaika ṣalātun taṣih;
Wa syauqī lakum man-qaḍā; wa hubbī lakum mā barih.","Hatiku karena begitu mencintaimu tak pernah beranjak dari pintumu; Wahai Nabi pembawa petunjuk, tolonglah orang yang menyeru dengan menyebut namamu; Wahai Rasul yang mulia, salawat yang tulus tercurah kepadamu; Kerinduanku kepadamu tiada kunjung padam, dan cintaku bagimu kekal abadi.",,85-88,88-91
sair_17_unit_01,17,q,Sair Ketujuh Belas,1,header_dan_pembuka,بِسْمِ اللهِ الرَّحْمٰنِ الرَّحِيْمِ * ق. السَّائِرُ السَّابِعَ عَشَرَ,q. Sair Ketujuh Belas: Habībun Yugārul-Badru,Sair Ketujuh Belas: Qasidah Penutup dan Khatam Pembacaan Maulid Dikili.,,88-92,91-95
sair_17_unit_02,17,q,Sair Ketujuh Belas,2,puisi_sair,"حَبِيْبٌ يَغَارُ الْبَدْرُ مِنْ حُسْنِ وَجْهِهِ * تَحَيَّرَتِ الْأَفْكَارُ فِيْ وَصْفِ مَعْنَاهُ
حَبِيْبٌ تَجَلَّى لِلْقُلُوْبِ مُخَاطِبًا * فَطَابُوْا بِهِ شُكْرًا وَفِيْ حُسْنِهِ تَاهُوْا
مَلِيْحٌ حَوَى كُلَّ الْقُلُوْبِ لِحُسْنِهِ * فَرِحْتُ وَرَاحَ الْقَلْبُ مِنْ بَعْضِ أَسْرَاهُ
رَضِيْتُ بِهِ مَوْلًى عَلَى كُلِّ حَالَةٍ * فَقُلْ لِبَعِيْدِ الدَّارِ دَعْنِيْ وَإِيَّاهُ","Habībun yugārul-badru min husni wajhihi; tahayyaratil-afkāru fī waṣfi ma'nāh;
Habībun tajallā lil-qulūbi mukhāṭiban; fa ṭābū bihī syukran wa fī husnihī tāhū;
Malīhun hawā kullal-qulūbi lihusnihi; farihtu wa rāhal-qalbu min ba'ḍi asrāh;
Raḍītu bihī maulan 'alā kulli hālatin; faqul li ba'īdid-dāri da'nī wa iyyāh.","Kekasih yang keelokan wajahnya membuat rembulan cemburu; fikiran menjadi bingung saat berusaha melukiskan maknanya; Kekasih yang menyapa lubuk kalbu, hingga jiwa-jiwa bersyukur dan larut dalam keindahannya; Insan rupawan yang memikat seluruh kalbu dengan pesonanya; Aku rela menerimanya sebagai junjungan dalam setiap keadaan, katakanlah kepada orang yang jauh: biarkanlah aku bersamanya!",,88-92,91-95
sair_17_unit_03,17,q,Sair Ketujuh Belas,3,jabu_refrein,تَمَّتْ ذِكْرَى مَوْلِدِ النَّبِيِّ مُحَمَّدٍ رَسُوْلِ اللهِ * صَلَّى اللهُ عَلَيْهِ وَسَلَّمَ تَسْلِيْمًا كَثِيْرًا,Tammat żikrā maulidin-nabiyyi muhammadir-rasūlullāh * ṣallal-lāhu 'alaihi wa sallama taslīman kaṡīrā (Jābu Penutup Dikili),"Telah sempurna zikir Maulid Nabi Muhammad Rasulullah SAW, limpahan salawat dan keselamatan yang melimpah ruah baginya untuk selama-lamanya.",,88-92,91-95
